Imagen,Descripción,Precio
https://www.izapatillas.com/36050-home_default/zapatillas-mujer-munich-sabbia-12-negra-y-gris-4179012.jpg,"Zapatillas Mujer Munich Sabbia 12
Marca:Munich Tip...","65,60 €"
https://www.izapatillas.com/35570-home_default/skechers-mujer-air-court-retro-avenue-150075nttp-beige.jpg,"SKECHERS AIR COURT RETRO AVENUE
Modelo: Air Court ...","60,84 €"
https://www.izapatillas.com/34179-home_default/puma-carina-20-animal-mujer-392024-01-blanca.jpg,"Puma Carina 2.0 Junior Blanca Animal
Genero y Tipo...","42,00 €"
https://www.izapatillas.com/34757-home_default/skechers-mujer-eden-lx-top-grade-blanca-piel-185000w.jpg,"SKECHERS ZAPATILLA MUJER
Modelo y Referencia: Eden...","54,60 €"
https://www.izapatillas.com/35154-home_default/munich-areia-sandalias-mujer-4177005-blanco.jpg,"Sandalias Munich Areia Mujer Blanca 4177005

Marca...","52,00 €"
https://www.izapatillas.com/29607-home_default/new-balance-unisex-gris-ws327bg.jpg,"Nuevas New Balance 327
Marca: New BalanceModelo: W...","85,80 €"
https://www.izapatillas.com/32180-home_default/skechers-summits-quick-lapse-mujer-12985nvlb-azul.jpg,Zapatillas Skechers  Summits-Quick Lapse Mujer Azu...,"45,00 €"
https://www.izapatillas.com/36297-home_default/zapatilla-mujer-joma-zen-lady-2525-beige.jpg,"Joma Mujer Beige Otoño - Invierno 2024
Marca:Joma ...","39,00 €"
https://www.izapatillas.com/31671-home_default/joma-czen-mujer-negra-czens2201.jpg,"Zapatillas Joma CZEN Mujer Negra CZENS2201 

Refer...","38,25 €"
https://www.izapatillas.com/33367-home_default/zapatillas-munich-tip-28-wmn-blanco-mujer-4155028.jpg,"Munich Mujer Blancas
Marca: MunichModelo: Tip WMN ...","64,80 €"
https://www.izapatillas.com/34523-home_default/zapatilla-mujer-kappa-authentics-arklow-blanca-gris-321u2nw.jpg,Zapatilla Mujer Kappa Authentics Arklow WO1 Blanca...,"43,20 €"
https://www.izapatillas.com/34056-home_default/skechers-mujer-ghenter-bronaugh-77210ecblk-negra.jpg,"Zapatillas Skechers Mujer 
Referencia: 77210EC/BLK...","54,00 €"
https://www.izapatillas.com/30671-home_default/new-balance-ws237yd-mujer-blanca-morado-claro.jpg,Nuevas New Balance 237 Mujer Blanco y Morado Claro...,"80,00 €"
https://www.izapatillas.com/29478-home_default/converse-all-court-ox-zapatilla-unisex-567088c-negras-piel.jpg,"CONVERSE
CONVERSE ALL COURT OX ZAPATILLA  168785C ...","52,00 €"
https://www.izapatillas.com/32294-home_default/skechers-bountiful-mujer-12607-bkw-negra.jpg,Zapatillas Skechers Bountiful Quick Path Mujer Neg...,"44,00 €"
https://www.izapatillas.com/33791-home_default/puma-kaia-20-zapatilla-plataforma-mujer-392320-01-negra.jpg,Puma Kaia 2.0 Zapatilla Plataforma Mujer Negra y B...,"52,50 €"
https://www.izapatillas.com/32184-home_default/puma-carina-20-animal-junior-392024-02-negra.jpg,"Zapatilla Puma Carina 2.0 Animal Junior Negra 

Ma...","49,40 €"
https://www.izapatillas.com/24413-home_default/converse-mujer-all-star-hi-m9160-001-negras.jpg,Zapatilla Mujer Converse Negras,"60,00 €"
https://www.izapatillas.com/33888-home_default/new-balance-mujer-beige-casual-ws327pj-b.jpg,"Nuevas New Balance 327
Marca: New BalanceModelo: W...","110,50 €"
https://www.izapatillas.com/30248-home_default/new-balance-zapatilla-mujer-wl373oa2-azul.jpg,"NEW BALANCE 373 Mujer
Marca: New BalanceGenero: Mu...","70,20 €"
https://www.izapatillas.com/27160-home_default/converse-el-distrito-20-ox-167008c-negra-2.jpg,"CONVERSE
Referencia: 167008CModelo: El Distrito 2....","37,50 €"
https://www.izapatillas.com/24518-home_default/converse-all-star-plataforma-mujer-560251c-blancas.jpg,"CONVERSE
ALL STAR LIFT PLATAFORMA MUJER 560251C BL...","62,40 €"
https://www.izapatillas.com/36741-home_default/zapatilla-joma-undra-lady-2523-verde.jpg,"Zapatillas de trail para mujer
Marca: Joma - Model...","57,20 €"
https://www.izapatillas.com/33216-home_default/zapatillas-converse-bota-mujer-all-star-hi-a02581c-negra.jpg,"Bota Converse All Star Hi Mujer Negra A02581C

Mar...","52,00 €"
https://www.izapatillas.com/28943-home_default/skechers-mujer-go-run-elevate-128319blk-negra.jpg,"SKECHERS
Modelo: Go Run Pulse Elevate Color: Negra...","57,60 €"
https://www.izapatillas.com/27637-home_default/puma-tori-zapatilla-mujer-383026-03-blanca.jpg,"Puma Tori Mujer Blanca
Genero: MujerTipo: Zapatill...","45,00 €"
https://www.izapatillas.com/29191-home_default/skechers-mujer-arch-fit-gentle-stride-149413bkcl-negra.jpg,"SKECHERS
Modelo: Arch Fit gentle StrideColor: Negr...","67,50 €"
https://www.izapatillas.com/33065-home_default/zapatilla-converse-mujer-chuk-taylor-all-star-workwear-a02780c-marron.jpg,Bota Converse Chuck Taylor All Star Mujer Marrón A...,"64,00 €"
https://www.izapatillas.com/32203-home_default/zapatilla-us-polo-assn-mujer-beige-layla001c-bei.jpg,Zapatillas US Polo Assn para Mujer Beige Layla001C...,"59,25 €"
https://www.izapatillas.com/36536-home_default/zapatillas-new-balance-mujer-gw500lw2-blanca.jpg,"New Balance Mujer 500 Clásico
- Marca: New Balance...","53,30 €"
https://www.izapatillas.com/30462-home_default/zapatillas-nike-air-max-systm-blanco-mujer-dq0284-102.jpg,Zapatillas Nike Air Max SYSTM blanco Infantil DQ02...,"72,00 €"
https://www.izapatillas.com/35239-home_default/new-balance-mr530cb-mujer-gris.jpg,"New Balace MR530CB Mujer
Marca y Referencia:New Ba...","96,00 €"
https://www.izapatillas.com/35310-home_default/skechers-mujer-dlites-fresh-start-11931wtrg-blanca.jpg,"SKECHERS

Modelo: D´Lites Fresh Start
Color: Blanc...","54,00 €"
https://www.izapatillas.com/35294-home_default/zapatillas-new-balance-mujer-wl574dp2-verde.jpg,"New Balance Mujer 574 Clásico
- Marca: New Balance...","88,00 €"
https://www.izapatillas.com/29300-home_default/puma-aviator-profoam-sky-running-mujer-376615-01-negra.jpg,"Puma Aviator Profoam Sky Mujer Negra
Genero: Unise...","63,00 €"
https://www.izapatillas.com/28443-home_default/skechers-mujer-ultra-flex-30-big-plan-149854ros-rosa.jpg,Zapatillas Skechers Ultra Flex 3.0 para Mujer Rosa...,"57,00 €"
https://www.izapatillas.com/35371-home_default/new-balance-mujer-blanco-y-beige-ws327kh.jpg,"New Balance 327 Mujer
Marca: New Balance - Genero:...","104,00 €"
https://www.izapatillas.com/36106-home_default/skechers-uno-stand-high-mujer-177097ofwt-beige.jpg,"SKECHERS BOTA MUJER
Modelo: Uno Stand HighColor: B...","72,00 €"
https://www.izapatillas.com/31193-home_default/skecher-bobs-sport-squad-tough-talk-32504.jpg,"Zapatillas SKECHERS Mujer Beige 

Marca: Skechers
...","44,00 €"
https://www.izapatillas.com/30277-home_default/new-balance-unisex-gris-blanca-ms327cgw.jpg,"Nuevas New Balance 327
Marca: New BalanceTipo: Zap...","96,00 €"
https://www.izapatillas.com/32997-home_default/converse-chuck-taylor-all-star-malden-street-blanca-piel-a01468c.jpg,Semi Bota Converse Chuck Taylor All Star Malden St...,"58,50 €"
https://www.izapatillas.com/28642-home_default/asics-gel-noosa-tri-13-zapatilla-junior-1014a209-301-verde-fluor.jpg,"Zapatilla Asics 
Marca: Asics Gel-Noosa TRI 13Mode...","56,00 €"
https://www.izapatillas.com/33670-home_default/converse-mujer-all-star-malden-street-crafted-a04469c-amarilla.jpg,"Zapatilla Converse Semibota Tela Amarilla
Marca:Co...","54,60 €"
https://www.izapatillas.com/29887-home_default/skechers-mujer-flex-appeal-40-149303nvgd-azules.jpg,"Zapatillas Skechers Mujer 
Referencia: 149303/NVDG...","48,00 €"
https://www.izapatillas.com/32608-home_default/converse-bota-unisex-all-star-hi-wide-167492c-blanca.jpg,Bota Converse All Star Hi Wide Unisex Blanca 16749...,"60,00 €"
https://www.izapatillas.com/22310-home_default/converse-all-star-ox-ctas-slip-164301c-blancas-lona.jpg,"CONVERSE Blancas Sin Cordones
Tipo: ZapatillasMarc...","49,37 €"
https://www.izapatillas.com/33757-home_default/puma-kaia-20-zapatilla-plataforma-mujer-392320-03-beige.jpg,"Puma Kaia 2.0 Zapatilla Plataforma Mujer Beige
Gen...","52,50 €"
https://www.izapatillas.com/36455-home_default/zapatillas-skechers-slip-ins-go-walk-flex-grand-entry-mujer-124836bbk-negra.jpg,Zapatillas Skechers Slip-Ins Mujer Negra 124836/BB...,"60,00 €"
https://www.izapatillas.com/34857-home_default/puma-carina-street-blosson-mujer-395094-blanca.jpg,"Puma Carina Mujer Blanca
Genero: Mujer -Tipo: Zapa...","54,60 €"
https://www.izapatillas.com/34215-home_default/skechers-mujer-ultra-flex-30-brilliant-path-slip-ins-149710bbk-negra.jpg,"Zapatillas Skechers Ultra Flex 3.0 Mujer 

Marca y...","67,50 €"
https://www.izapatillas.com/35103-home_default/zapatilla-skechers-mujer-flex-advantage-40-149582whld.jpg,Zapatilla Skechers Mujer Flex Advantage 4.0 Cordon...,"58,50 €"
https://www.izapatillas.com/31675-home_default/puma-trinity-lile-metallic-mujer-389293-01-negra.jpg,"Zapatillas Puma Trinity Lite Metallic Mujer 

Refe...","50,40 €"
https://www.izapatillas.com/30487-home_default/converse-bota-plataforma-junior-all-star-272856c-blanca.jpg,"Bota Converse Plataforma Junior
Tipo: Bota Alta / ...","50,70 €"
https://www.izapatillas.com/35299-home_default/new-balance-mr530ema-mujer-blanca.jpg,"New Balance 530 Mujer 
Marca y Referencia: New Bal...","96,00 €"
https://www.izapatillas.com/33041-home_default/converse-bota-utility-all-star-hi-a03265c-verde.jpg,Bota Converse Utility All Star Hi Unisex Verde A03...,"62,05 €"
https://www.izapatillas.com/32694-home_default/zapatilla-munich-versus-wmn-46-mujer-4173046-blanca-piel.jpg,"Zapatilla Munich Versus  Mujer
Tipo: ZapatillaMarc...","52,50 €"
https://www.izapatillas.com/30183-home_default/skechers-skech-lite-mujer-azules-149991nvy.jpg,"Skechers Skech-Lite Mujer
Tallas disponibles: 36-3...","44,48 €"
https://www.izapatillas.com/31742-home_default/skechers-summits-quick-lapse-mujer-12985bbk-negra.jpg,Zapatillas Skechers Summits-Quick Lapse para Mujer...,"44,00 €"
https://www.izapatillas.com/30267-home_default/zapatillas-mujer-us-polo-assn-blanca-cardi008a-whi-sil01.jpg,"Zapatilla US POLO ASSN Mujer
Marca: US POLO ASSNRe...","45,50 €"
https://www.izapatillas.com/27581-home_default/new-balance-zapatilla-mujer-wl373hg2-beige.jpg,"NEW BALANCE 373 Mujer
Marca: New BalanceGenero: Mu...","60,00 €"
https://www.izapatillas.com/26982-home_default/new-balance-gs237pk1-w-rosa.jpg,"Nuevas New Balance 237 Rosa
Marca: New BalanceMode...","45,00 €"
https://www.izapatillas.com/30340-home_default/vans-filmore-hi-tapered-bota-negra-vn0a5jlgblk1.jpg,"VANS  Bota Negra Mujer
Modelo: Vans Filmore Hi Bot...","72,00 €"
https://www.izapatillas.com/30497-home_default/converse-mujer-all-star-hi-bota-171265c-beige.jpg,"Converse Negras
Genero: Mujer
Referencia: 171256C
...","55,90 €"
https://www.izapatillas.com/30129-home_default/skechers-mujer-go-run-elevate-128319bbk-negras.jpg,"SKECHERS GO RUN PULSE ELEVATE 
Modelo: Go Run Puls...","48,00 €"
https://www.izapatillas.com/30126-home_default/skechers-mujer-go-run-elevate-128334nvmt-azul-y-blanca.jpg,"SKECHERS GO RUN PULSE ELEVATE 
Modelo: Go Run Puls...","46,20 €"
https://www.izapatillas.com/35965-home_default/zapatilla-munich-dash-242-mujer-4150242-negra.jpg,"Zapatilla Munich Dash Mujer 242
Tipo y Marca:Zapat...","59,04 €"
https://www.izapatillas.com/34154-home_default/zapatilla-training-pwr-frame-tr-3-mujer.jpg,"Zapatilla Puma Mujer PWR FRAME TR 3
Marca y Tipo:P...","72,00 €"
https://www.izapatillas.com/24548-home_default/converse-chuk-taylor-all-star-ctas-lift-clean-hi-bota-plataforma-piel-561675c-negras.jpg,"CONVERSE
CONVERSE CHUK TAYLOR ALL STAR CTAS LIFT C...","85,00 €"
https://www.izapatillas.com/33847-home_default/new-balance-ms237gb-mujer-hombre-azul.jpg,"Nuevas New Balance 237
Marca: New BalanceModelo: M...","75,00 €"
https://www.izapatillas.com/33939-home_default/puma-karmen-rebelle-zapatilla-plataforma-mujer-387212-01-blanca.jpg,Puma Karmen Rebelle Zapatilla Plataforma Mujer Bla...,"65,60 €"
https://www.izapatillas.com/27655-home_default/reebok-royal-classic-jogger-30-jr-negra-gw1718.jpg,"Zapatillas Reebok Unisex
Marca: ReebokGenero: Muje...","32,00 €"
https://www.izapatillas.com/35693-home_default/zapatilla-vans-caldrone-junior-verde-vn000cwu0qr1.jpg,"Zapatillas Vans junior Verde
Modelo: VN000CWU0QR1C...","42,00 €"
https://www.izapatillas.com/34119-home_default/new-balance-mujer-beige-y-granate-ws327ka.jpg,"Nuevas New Balance WS327KA Beige
Marca y Referenci...","104,00 €"
https://www.izapatillas.com/31746-home_default/skechers-mujer-ckech-air-dynamight-149346wbpk-blanca.jpg,"Zapatillas Skechers Dynaminght para Mujer Blancas
...","49,20 €"
https://www.izapatillas.com/35477-home_default/skechers-mujer-ultra-flex-30-brilliant-path-sli-ins-149710tpe-marron-clarito.jpg,Zapatillas Skechers Ultra Flex 3.0 Mujer Marrón Cl...,"72,00 €"
https://www.izapatillas.com/35305-home_default/skechers-mujer-dlites-biggest-fan-11930bkw-negra.jpg,"SKECHERS

Modelo: D´Lites Biggest Fan
Color: Negra...","54,00 €"
https://www.izapatillas.com/28819-home_default/zapatilla-baloncesto-nike-precision-5-negra-dd9535-001.jpg,"Zapatillas de baloncesto Nike Precisión
Marca: Nik...","49,00 €"
https://www.izapatillas.com/26455-home_default/jhayber-metal-negra-y-rosa-mujer.jpg,"Zapatilla Montaña J´Hayber Mujer
Tipo: Zapatilla M...","37,50 €"
https://www.izapatillas.com/36425-home_default/skechers-mujer-dlites-good-neutral-149807-wht-blanca.jpg,"Zapatilla Skechers Mujer Blanca

Modelo: D´Lites G...","60,00 €"
https://www.izapatillas.com/33372-home_default/munich-mujer-8908046-legit-4618-blanca.jpg,"MUNICH DLEGIT 46 MUJER 
Marca: MunichReferencia: 8...","61,50 €"
https://www.izapatillas.com/32240-home_default/skechers-mujer-dynamight-laid-out-149756bkmt-negro.jpg,Zapatillas Skechers Dynamight Laid Out Mujer Negra...,"52,00 €"
https://www.izapatillas.com/30460-home_default/joma-ctueris-lady-2201-negra-ctuelw2201.jpg,"JOMA C.TUERIS LADY 2201 NEGRA CTUELW2201
Tallas di...","36,00 €"
https://www.izapatillas.com/36030-home_default/skechers-mujer-arch-fit-20-star-bound-150061bbk-negra-piel.jpg,"SKECHERS ARCH FIT 2.0
Modelo: Arch Fit 2.0 Star Bo...","72,00 €"
https://www.izapatillas.com/30447-home_default/zapatillas-running-victory-2203-mujer-navy-pink.jpg,"Zapatilla Joma Victory Azul y Rosa
Marca: JomaRefe...","41,25 €"
https://www.izapatillas.com/21548-home_default/nike-superrep-go-mujer-cj0860-186-negras.jpg,"NIKE
NIKE SUPERREP GO MUJER CJ0860 186 NEGRAS","70,00 €"
https://www.izapatillas.com/28751-home_default/vans-filmore-mujer-vn0a3mvpbbv1-verde.jpg,"Zapatillas VANS Mujer
Referencia: VN0A3MVPBBU1Mode...","43,40 €"
https://www.izapatillas.com/30753-home_default/zapatillas-skechers-arch-fit-mo-beige-mujer-149717ntpk.jpg,"Zapatillas de Mujer Skechers Beige.
Marca: Skecher...","69,70 €"
https://www.izapatillas.com/34567-home_default/zapatilla-junior-rebound-blanca-v6-mid-393831-05.jpg,"Zapatilla Bota Puma Junior Online
Marca:Puma Tipo:...","48,75 €"
https://www.izapatillas.com/35495-home_default/new-balance-mujer-blanca-gr530gb.jpg,"Nuevas New Balance 530
Marca: New BalanceModelo: G...","68,00 €"
https://www.izapatillas.com/33014-home_default/converse-mujer-all-star-a02800c-rosada.jpg,Zapatillas Converse Chuck Taylor All Star Mujer Ro...,"49,00 €"
https://www.izapatillas.com/35969-home_default/zapatilla-munich-mujer-blanca-4170001.jpg,"Munich Mujer Zapatilla Blanca Casual
Marca:Munich ...","58,65 €"
https://www.izapatillas.com/30825-home_default/zapatilla-munich-dash-women-167-mujer-4150167-blanca.jpg,"Zapatilla Munich Dash Women Mujer
Tipo: ZapatillaM...","64,00 €"
https://www.izapatillas.com/33496-home_default/skechers-go-walk-joy-sea-wind-mujer-124661tpe-beige.jpg,"Zapatilla Skechers Beige GO Walk Joy
Marca y Model...","48,00 €"
https://www.izapatillas.com/35060-home_default/sandalia-skechers-mujer-go-walk-flex-141451bbk-negra.jpg,"Sandalia SKECHERS
Tipo: Sandalias - Marca:Skechers...","48,00 €"
https://www.izapatillas.com/36374-home_default/skechers-eden-lx-rich-tones-negra-piel-185150blk.jpg,"SKECHERS ZAPATILLA MUJER
Modelo y Referencia: Eden...","54,60 €"
https://www.izapatillas.com/34564-home_default/zapatilla-puma-negra-wired-run-pure-junior-390847-01.jpg,"Zapatilla Puma Negra Wired 
Marca y Referencia:Pum...","36,00 €"
https://www.izapatillas.com/36609-home_default/zapatilla-new-balance-mujer-w520lk9-negra.jpg,"New Balance W520LK9 Mujer Running
Marca:New Balanc...","54,00 €"
https://www.izapatillas.com/30217-home_default/converse-mujer-all-star-hi-m9622c-azul-marino.jpg,Zapatilla Converse Azul Marino,"60,00 €"
https://www.izapatillas.com/30444-home_default/zapatilla-mujer-blanca-rodio-2022-rrodlw2022.jpg,"Zapatillas de Joma Rodio Mujer Blanca 2022
Marca: ...","32,80 €"
https://www.izapatillas.com/27452-home_default/joma-selene-lady-mujer-2113-rosa.jpg,"Zapatilla JOMA Mujer Rosa
Referencia: SELEMNE  LAD...","33,00 €"
